scope,metric,outcome,pearson_r,spearman_rho,pearson_p_naive,spearman_p_naive,pearson_ci_low,pearson_ci_high,spearman_ci_low,spearman_ci_high,bootstrap
pooled,ER,delta_acc,-0.23400349552935248,-0.4302572243759894,0.0008530211852220823,2.034457986571754e-10,-0.3222535990503871,-0.14681077241506654,-0.6288018801580716,-0.2707513548303317,1000 draws; independently resample 5 folds and 50 multiplier clusters; seed20260928
pooled,ER,delta_f1,-0.23398574937960473,-0.42477242001506554,0.0008538196336158519,3.634753337130307e-10,-0.3143219091197237,-0.1423126374048739,-0.6355013585263133,-0.26193936215655395,1000 draws; independently resample 5 folds and 50 multiplier clusters; seed20260928
pooled,MRED,delta_acc,-0.4716631659302802,-0.4249442189217641,1.792058856111366e-12,3.5698436611336535e-10,-0.5738219598160663,-0.31925547387260667,-0.6260857704869973,-0.26920230210036844,1000 draws; independently resample 5 folds and 50 multiplier clusters; seed20260928
pooled,MRED,delta_f1,-0.47345169628001893,-0.4207904791012668,1.4394708223770262e-12,5.50340345766286e-10,-0.5754107782773561,-0.31352871433678137,-0.6390831500676335,-0.2647936927511862,1000 draws; independently resample 5 folds and 50 multiplier clusters; seed20260928
pooled,MAE,delta_acc,-0.4374546832653807,-0.41450763605157953,9.34980037985459e-11,1.0474832223691099e-09,-0.5433444715656935,-0.2541812269435811,-0.6086830572056483,-0.2323615030697203,1000 draws; independently resample 5 folds and 50 multiplier clusters; seed20260928
pooled,MAE,delta_f1,-0.43999178227937646,-0.4103743227184546,7.077511792698229e-11,1.5882197348939675e-09,-0.5525152559613571,-0.26668768163843193,-0.6178394610828245,-0.2393441858380334,1000 draws; independently resample 5 folds and 50 multiplier clusters; seed20260928
dense,ER,delta_acc,0.20549774918458671,0.2334927453923984,0.15223926296431867,0.10269445563721269,-0.16411869692909709,0.43870187237044045,-0.6788729241141129,0.6362285352118243,1000 draws; independently resample 5 folds and 50 multiplier clusters; seed20260928
dense,ER,delta_f1,0.2005423646240254,0.23119240492177084,0.16258976086927707,0.10622444114869413,-0.17179337136432862,0.40860090110877034,-0.691586928448922,0.6463594845090515,1000 draws; independently resample 5 folds and 50 multiplier clusters; seed20260928
dense,MRED,delta_acc,0.04537475908719144,0.3807556720120863,0.7543611676870784,0.00637511211547479,-0.6789650360113207,0.6760546374398977,-0.634749763269428,0.7115054805368374,1000 draws; independently resample 5 folds and 50 multiplier clusters; seed20260928
dense,MRED,delta_f1,0.03627536006305941,0.3703708113890697,0.8025099833325061,0.008107468524608438,-0.6680861866125898,0.666299431807038,-0.6300914660073207,0.7185364869182677,1000 draws; independently resample 5 folds and 50 multiplier clusters; seed20260928
dense,MAE,delta_acc,-0.03948871371599976,0.2670561184873289,0.7854135827741047,0.060817668627086506,-0.6815305668728372,0.6175491750288692,-0.6522167925539679,0.6375639043901948,1000 draws; independently resample 5 folds and 50 multiplier clusters; seed20260928
dense,MAE,delta_f1,-0.04910523584494064,0.2570412011332997,0.7348745378545738,0.07154607851954825,-0.7218339684022594,0.6213157235144233,-0.6662774154017621,0.6295091798024681,1000 draws; independently resample 5 folds and 50 multiplier clusters; seed20260928
separable,ER,delta_acc,-0.3701408129661426,-0.807460013704114,0.00815005168939171,1.3981840332768368e-12,-0.4896966549197107,-0.27075864252943593,-0.8645643067522508,-0.5752557479972769,1000 draws; independently resample 5 folds and 50 multiplier clusters; seed20260928
separable,ER,delta_f1,-0.37011667852572117,-0.8041097537892381,0.008154531286603891,2.0310999715297314e-12,-0.49885519918446963,-0.27014225561837085,-0.8660471118185711,-0.6051332314511946,1000 draws; independently resample 5 folds and 50 multiplier clusters; seed20260928
separable,MRED,delta_acc,-0.7876567584853138,-0.8340907078287881,1.151582641535113e-11,5.409013460454241e-14,-0.8744880539609116,-0.6281386305187188,-0.9017924302376586,-0.6386725587766526,1000 draws; independently resample 5 folds and 50 multiplier clusters; seed20260928
separable,MRED,delta_f1,-0.7934489370077196,-0.8329485226968765,6.364421516423225e-12,6.290684474815733e-14,-0.8798523606203519,-0.6335371436595363,-0.9046741750229176,-0.6430843943891437,1000 draws; independently resample 5 folds and 50 multiplier clusters; seed20260928
separable,MAE,delta_acc,-0.7300587877057781,-0.7647158198735683,1.7877452532845116e-09,1.0186080666966554e-10,-0.8493148279586678,-0.5097522646451144,-0.8477151132653474,-0.5463334485194046,1000 draws; independently resample 5 folds and 50 multiplier clusters; seed20260928
separable,MAE,delta_f1,-0.7374476894326422,-0.7646614043470169,1.0077991371957062e-09,1.02358745214551e-10,-0.8621724846307204,-0.5388056992710363,-0.8562991483826204,-0.5500829168304725,1000 draws; independently resample 5 folds and 50 multiplier clusters; seed20260928
spatial,ER,delta_acc,-0.4812189341285006,-0.8284211085746055,0.0004035985322190999,1.1320904440506914e-13,-0.5974870756139942,-0.299485392053515,-0.9134955112252805,-0.6051101599498856,1000 draws; independently resample 5 folds and 50 multiplier clusters; seed20260928
spatial,ER,delta_f1,-0.4867432494297444,-0.8340917301081217,0.000337961016284592,5.408279714923811e-14,-0.5984867966390663,-0.31397716720734836,-0.9213069005230066,-0.6049033076163706,1000 draws; independently resample 5 folds and 50 multiplier clusters; seed20260928
spatial,MRED,delta_acc,-0.7767887356441598,-0.7676850096100994,3.339338420086581e-11,7.790804817677576e-11,-0.8945096342115356,-0.3872480217855311,-0.8894855870302789,-0.5170987831587357,1000 draws; independently resample 5 folds and 50 multiplier clusters; seed20260928
spatial,MRED,delta_f1,-0.7790888636453974,-0.7737570725728786,2.6790251821446294e-11,4.446991739744161e-11,-0.9029529495019621,-0.3868332989458648,-0.8970477765992122,-0.4889740826843021,1000 draws; independently resample 5 folds and 50 multiplier clusters; seed20260928
spatial,MAE,delta_acc,-0.6988020746555283,-0.7554413833109053,1.6668365558210086e-08,2.2961797678873065e-10,-0.8774414541123022,-0.2537211181420214,-0.8906404204947682,-0.4680247243002835,1000 draws; independently resample 5 folds and 50 multiplier clusters; seed20260928
spatial,MAE,delta_f1,-0.7010253395749697,-0.7612375107539138,1.4355754658166291e-08,1.3875731883574326e-10,-0.8945327964674575,-0.21847366639132845,-0.8997430218658423,-0.4839737646325818,1000 draws; independently resample 5 folds and 50 multiplier clusters; seed20260928
temporal,ER,delta_acc,-0.31667006387886004,-0.437265256352232,0.025054086376627212,0.001497119196334402,-0.5431474369534038,0.0013583833432269166,-0.7591977603462161,0.013994652504467192,1000 draws; independently resample 5 folds and 50 multiplier clusters; seed20260928
temporal,ER,delta_f1,-0.29798405916651394,-0.41956068477668057,0.03557255084666353,0.0024212850458563773,-0.5379368276170976,0.03656491457383159,-0.7483113200038765,0.04984221189887562,1000 draws; independently resample 5 folds and 50 multiplier clusters; seed20260928
temporal,MRED,delta_acc,-0.5906630609278373,-0.5717972646311722,6.317867475328983e-06,1.440560824428308e-05,-0.8246943364442911,-0.14160925106366315,-0.8578469450085451,-0.14387145997014447,1000 draws; independently resample 5 folds and 50 multiplier clusters; seed20260928
temporal,MRED,delta_f1,-0.5832965159522341,-0.5551704141550743,8.770137278011516e-06,2.8589609130996653e-05,-0.8019688537522722,-0.10577416920720828,-0.8354725668601858,-0.12666881585482412,1000 draws; independently resample 5 folds and 50 multiplier clusters; seed20260928
temporal,MAE,delta_acc,-0.530353012994485,-0.49750274803045047,7.44799014989896e-05,0.00023710481179759507,-0.7602956391650509,-0.06209867110615048,-0.8051923350849096,-0.02085958111598655,1000 draws; independently resample 5 folds and 50 multiplier clusters; seed20260928
temporal,MAE,delta_f1,-0.526518039414732,-0.4785885328418135,8.578989723171372e-05,0.0004387309124172505,-0.7603303697345585,-0.04570214821119669,-0.7867554259542743,-0.0015558225770980344,1000 draws; independently resample 5 folds and 50 multiplier clusters; seed20260928
