layer,multiplier_id,mean_delta_acc,std_delta_acc,mean_delta_f1,std_delta_f1,ER,MRED,MAE,q_bh_200,significant_drop,power,status
dense,mul8_112,0.003809523809523779,0.005976143046671944,0.00351001237806626,0.0057801502015296866,0.977783203125,0.0489519833510332,177.4468994140625,0.5008766471124835,False,0.202,EEGMMIDB coarse-screen candidate; BCI transfer and full-test confirmation pending
dense,mul8_348,0.0,0.0,-3.321993984132e-05,7.428204369364509e-05,0.00390625,8.214391236540144e-05,0.25,1.0,False,0.423,EEGMMIDB coarse-screen candidate; BCI transfer and full-test confirmation pending
dense,mul8_424,-0.0052380952380952,0.0063887656499993836,-0.00513635123636798,0.0065900012502211995,0.990814208984375,0.0977563610669922,649.2114868164062,0.5470870825222658,False,0.122,EEGMMIDB coarse-screen candidate; BCI transfer and full-test confirmation pending
separable,mul8_112,-0.00523809523809516,0.009729912734144005,-0.00535225945148794,0.009969891986006238,0.977783203125,0.0489519833510332,177.4468994140625,0.6043377498405321,False,0.202,EEGMMIDB coarse-screen candidate; BCI transfer and full-test confirmation pending
separable,mul8_348,-0.0009523809523809201,0.0013041013273932082,-0.00102642613499472,0.001357301898210969,0.00390625,8.214391236540144e-05,0.25,0.398225840633633,False,0.423,EEGMMIDB coarse-screen candidate; BCI transfer and full-test confirmation pending
separable,mul8_424,-0.01523809523809518,0.009003652571994829,-0.015265599389142839,0.008187311271686416,0.990814208984375,0.0977563610669922,649.2114868164062,0.043597374989348625,True,0.122,EEGMMIDB coarse-screen candidate; BCI transfer and full-test confirmation pending
spatial,mul8_112,-0.006666666666666659,0.006606874726434048,-0.007457646677040181,0.006594276889412297,0.977783203125,0.0489519833510332,177.4468994140625,0.7082868062957322,False,0.202,EEGMMIDB coarse-screen candidate; BCI transfer and full-test confirmation pending
spatial,mul8_348,-0.00047619047619048,0.0026082026547864577,-0.00044035874817494004,0.0025510582765556748,0.00390625,8.214391236540144e-05,0.25,0.8235482339856313,False,0.423,EEGMMIDB coarse-screen candidate; BCI transfer and full-test confirmation pending
spatial,mul8_424,-0.024285714285714237,0.021782786688538402,-0.025838701695145537,0.022045430401599873,0.990814208984375,0.0977563610669922,649.2114868164062,0.007871878358535147,True,0.122,EEGMMIDB coarse-screen candidate; BCI transfer and full-test confirmation pending
temporal,mul8_112,2.0036056147532123e-17,0.009671474291233235,0.0004200233516645,0.009664942715026789,0.977783203125,0.0489519833510332,177.4468994140625,1.0,False,0.202,EEGMMIDB coarse-screen candidate; BCI transfer and full-test confirmation pending
temporal,mul8_348,0.00047619047619046004,0.0010647942749998636,0.00043044591692485994,0.000962506330881214,0.00390625,8.214391236540144e-05,0.25,0.5470870825222658,False,0.423,EEGMMIDB coarse-screen candidate; BCI transfer and full-test confirmation pending
temporal,mul8_424,0.00095238095238094,0.004937247941268477,0.0013074356395826,0.005175605832751526,0.990814208984375,0.0977563610669922,649.2114868164062,0.9746742991256132,False,0.122,EEGMMIDB coarse-screen candidate; BCI transfer and full-test confirmation pending
