layer,multiplier_id,mean_delta_acc,std_delta_acc,mean_delta_f1,std_delta_f1,ER,MRED,MAE
dense,mul8_003,0.0057142857142856406,0.014146143597631333,0.0054864806966474595,0.014277554298156714,0.989837646484375,0.1007613122427103,624.46875
dense,mul8_006,0.0,0.0016835875742536273,-4.250772743749787e-05,0.001677315283718094,0.0002593994140625,0.0001419496319808,0.265625
dense,mul8_007,0.00238095238095234,0.002916059217598963,0.0021690405866916203,0.0028607974811616097,0.6254425048828125,0.0121945804743187,70.44921875
dense,mul8_008,-0.00666666666666664,0.007415434048760624,-0.0066475802229218756,0.00788410197531406,0.990753173828125,0.0985900900417424,639.4364929199219
dense,mul8_012,0.0,0.0,0.0,0.0,0.0,0.0,0.0
dense,mul8_017,0.0057142857142856406,0.014146143597631333,0.0054864806966474595,0.014277554298156714,0.9898529052734376,0.1003686994513067,618.338623046875
dense,mul8_020,0.0014285714285714,0.0021295885499997666,0.0013005665353542002,0.0024402666843498003,0.98974609375,0.0825213068181135,577.6866149902344
dense,mul8_023,0.0057142857142856406,0.014146143597631333,0.0054864806966474595,0.014277554298156714,0.989837646484375,0.1007613122427103,624.46875
dense,mul8_042,0.0014285714285713603,0.0036108930685959622,0.00143629800206898,0.0035151450780676655,0.90728759765625,0.0062569855907308,14.8961181640625
dense,mul8_054,0.00523809523809522,0.007022800573215521,0.00508083337483132,0.007170349355924744,0.978271484375,0.044909188650704,154.04046630859375
dense,mul8_061,0.0057142857142856406,0.014146143597631333,0.0054864806966474595,0.014277554298156714,0.9898223876953124,0.100213044626057,616.3072814941406
dense,mul8_075,0.0057142857142856406,0.014146143597631333,0.0054864806966474595,0.014277554298156714,0.989837646484375,0.1007613122427103,624.46875
dense,mul8_096,0.0057142857142856406,0.014146143597631333,0.0054864806966474595,0.014277554298156714,0.989837646484375,0.1007613122427103,624.46875
dense,mul8_098,0.00047619047619048,0.0031043820977154756,0.00050372277222186,0.003024590582471539,0.568359375,0.002196387114622,4.609375
dense,mul8_112,0.003809523809523779,0.005976143046671944,0.00351001237806626,0.0057801502015296866,0.977783203125,0.0489519833510332,177.4468994140625
dense,mul8_115,0.0057142857142856406,0.014146143597631333,0.0054864806966474595,0.014277554298156714,0.989837646484375,0.1007613122427103,624.46875
dense,mul8_143,0.00190476190476188,0.006606874726434049,0.00162408812799492,0.006139884100505505,0.956512451171875,0.0232184411401025,75.7144775390625
dense,mul8_151,-0.009999999999999941,0.00943410131245662,-0.00988027306916844,0.008702390725074218,0.990570068359375,0.098980264365354,618.0435485839844
dense,mul8_167,0.0057142857142856406,0.014146143597631333,0.0054864806966474595,0.014277554298156714,0.989837646484375,0.1007613122427103,624.46875
dense,mul8_169,0.00476190476190476,0.008748177652797033,0.004417256493205924,0.008254486239704232,0.95819091796875,0.0289849759509745,103.10836791992188
dense,mul8_173,0.0019047619047618599,0.006818010030131542,0.00211388288519426,0.006696720593430072,0.97113037109375,0.0389400395585217,159.34262084960938
dense,mul8_175,0.00428571428571426,0.005429406786186309,0.00404180181986158,0.005074601817677592,0.98291015625,0.0567924571039579,261.8146667480469
dense,mul8_183,0.00571428571428564,0.005734092656567727,0.0056532671874042,0.005604627596818306,0.97161865234375,0.0257304570505846,93.55133056640624
dense,mul8_222,0.00476190476190474,0.009066396554599858,0.00465989683978964,0.009110756856400812,0.986663818359375,0.0716261348944774,341.9072570800781
dense,mul8_227,0.00476190476190478,0.007338588098772576,0.00447983312510378,0.0067263921747071275,0.981109619140625,0.0650952994495852,305.1357116699219
dense,mul8_241,0.0009523809523809598,0.009903159210993035,0.0007203488319043198,0.009969949273077372,0.990875244140625,0.0860928313505725,478.3315734863281
dense,mul8_251,0.00285714285714282,0.003104382097715526,0.00280630374885812,0.002798341527899835,0.989288330078125,0.0838492965838204,580.9886779785156
dense,mul8_255,0.00428571428571424,0.007604152106033895,0.004198567037804241,0.007261120734323224,0.9669189453125,0.0338100354093713,127.83172607421876
dense,mul8_258,0.0033333333333333,0.005216405309572951,0.0030950426841437,0.004905398275530014,0.977264404296875,0.0550565487195144,237.14434814453125
dense,mul8_269,0.0066666666666665795,0.0051617817592091945,0.006514749200685619,0.005084218518496372,0.979400634765625,0.0528583860508648,217.9053649902344
dense,mul8_287,0.0023809523809523803,0.012256702548794025,0.00232715413508852,0.0122569622247413,0.984527587890625,0.0494291583671002,167.22027587890625
dense,mul8_305,0.00238095238095232,0.0044543540318736944,0.00236752395324852,0.004264100670651161,0.90576171875,0.0083876430433498,23.88232421875
dense,mul8_312,-0.0014285714285714201,0.008178840017770257,-0.0016709931695346202,0.008307972356340716,0.851104736328125,0.0503620935145933,383.08447265625
dense,mul8_348,0.0,0.0,-3.321993984132e-05,7.428204369364509e-05,0.00390625,8.214391236540144e-05,0.25
dense,mul8_356,0.0023809523809523803,0.012256702548794025,0.00232715413508852,0.0122569622247413,0.984527587890625,0.0494291583671002,167.22027587890625
dense,mul8_358,-0.00285714285714284,0.007022800573215528,-0.00304422983646514,0.007456851435534226,0.9909820556640624,0.0918901088719506,617.1581420898438
dense,mul8_359,0.0,0.007529232524210328,0.00021398873788984005,0.007423342077344038,0.9727783203125,0.0298443861632733,98.00250244140624
dense,mul8_365,0.0009523809523809601,0.003984095364447921,0.00093770020530728,0.00390944690317987,0.613525390625,0.0027837708210697,6.81689453125
dense,mul8_403,0.00380952380952378,0.00931314629314665,0.00361164916271168,0.008914531595078648,0.9478759765625,0.0254492094778663,102.58966064453124
dense,mul8_417,0.0028571428571428402,0.006388765649999343,0.00304056994905594,0.006090930275493854,0.9723968505859376,0.0312925376810577,130.818359375
dense,mul8_424,-0.0052380952380952,0.0063887656499993836,-0.00513635123636798,0.0065900012502211995,0.990814208984375,0.0977563610669922,649.2114868164062
dense,mul8_426,0.0033333333333333,0.008683134537528722,0.00327715063762546,0.008241528060996895,0.972747802734375,0.0401908693850989,175.77349853515625
dense,mul8_437,0.0057142857142856406,0.014146143597631333,0.0054864806966474595,0.014277554298156714,0.989837646484375,0.1007613122427103,624.46875
dense,mul8_449,-0.00190476190476196,0.006388765649999362,-0.0023769917168893597,0.006532301144721896,0.9738616943359376,0.0420396535473199,188.58084106445312
dense,mul8_452,0.00238095238095236,0.011040022018447266,0.0022089627647386605,0.011519951807225181,0.883331298828125,0.0515208315852325,373.7463989257813
dense,mul8_458,0.0023809523809523803,0.006941609398625284,0.002112559660838503,0.006870051561335709,0.95166015625,0.0254600214027138,82.22381591796875
dense,mul8_461,-1.97758476261356e-17,0.007896725691322345,0.00021959902841004004,0.008155669082343235,0.9897613525390624,0.0820406563952827,412.1274108886719
dense,mul8_463,0.00190476190476188,0.002608202654786471,0.0018623977142833755,0.0024731364729360383,0.2890625,0.0024227198912436,12.0
dense,mul8_468,0.00428571428571422,0.0068180100301315555,0.004246274874079502,0.006483392653497342,0.94287109375,0.0196964010899947,70.20361328125
dense,mul8_482,0.00666666666666664,0.008972116038769871,0.006533293886979119,0.008613688669466464,0.9780426025390624,0.0545852833104291,231.98605346679688
separable,mul8_003,-0.046190476190476136,0.026168822217207816,-0.046962560860797045,0.024427647215422704,0.989837646484375,0.1007613122427103,624.46875
separable,mul8_006,-0.00047619047619048,0.0031043820977154756,-0.0004968262739894999,0.0031044105659640614,0.0002593994140625,0.0001419496319808,0.265625
separable,mul8_007,0.0009523809523809199,0.007453559924999229,0.00054211555241958,0.007252781808638858,0.6254425048828125,0.0121945804743187,70.44921875
separable,mul8_008,-0.0138095238095238,0.007415434048760694,-0.014846036315639622,0.007400243225545754,0.990753173828125,0.0985900900417424,639.4364929199219
separable,mul8_012,0.0,0.0,0.0,0.0,0.0,0.0,0.0
separable,mul8_017,-0.046190476190476136,0.026168822217207816,-0.046962560860797045,0.024427647215422704,0.9898529052734376,0.1003686994513067,618.338623046875
separable,mul8_020,-0.006666666666666659,0.007415434048760682,-0.006900738531420279,0.007887157724134555,0.98974609375,0.0825213068181135,577.6866149902344
separable,mul8_023,-0.046190476190476136,0.026168822217207816,-0.046962560860797045,0.024427647215422704,0.989837646484375,0.1007613122427103,624.46875
separable,mul8_042,0.00095238095238094,0.004325214791567775,0.0009764854027418401,0.004335842427753993,0.90728759765625,0.0062569855907308,14.8961181640625
separable,mul8_054,-0.009523809523809459,0.007529232524210376,-0.00932011294848418,0.007893208741730558,0.978271484375,0.044909188650704,154.04046630859375
separable,mul8_061,-0.046190476190476136,0.026168822217207816,-0.046962560860797045,0.024427647215422704,0.9898223876953124,0.100213044626057,616.3072814941406
separable,mul8_075,-0.046190476190476136,0.026168822217207816,-0.046962560860797045,0.024427647215422704,0.989837646484375,0.1007613122427103,624.46875
separable,mul8_096,-0.046190476190476136,0.026168822217207816,-0.046962560860797045,0.024427647215422704,0.989837646484375,0.1007613122427103,624.46875
separable,mul8_098,-0.00238095238095234,0.0016835875742536627,-0.00239663131220764,0.0017910381246326532,0.568359375,0.002196387114622,4.609375
separable,mul8_112,-0.00523809523809516,0.009729912734144005,-0.00535225945148794,0.009969891986006238,0.977783203125,0.0489519833510332,177.4468994140625
separable,mul8_115,-0.046190476190476136,0.026168822217207816,-0.046962560860797045,0.024427647215422704,0.989837646484375,0.1007613122427103,624.46875
separable,mul8_143,-0.0047619047619047,0.003367175148507343,-0.004515793789311219,0.003532801750194848,0.956512451171875,0.0232184411401025,75.7144775390625
separable,mul8_151,-0.0114285714285714,0.010701050025830548,-0.01264223900688508,0.010484435020934069,0.990570068359375,0.098980264365354,618.0435485839844
separable,mul8_167,-0.046190476190476136,0.026168822217207816,-0.046962560860797045,0.024427647215422704,0.989837646484375,0.1007613122427103,624.46875
separable,mul8_169,-0.0028571428571428402,0.00457985334801695,-0.00289494026171046,0.004554940612079047,0.95819091796875,0.0289849759509745,103.10836791992188
separable,mul8_173,-0.0019047619047619,0.007022800573215463,-0.0021162015480086713,0.00741490437455343,0.97113037109375,0.0389400395585217,159.34262084960938
separable,mul8_175,-0.018571428571428482,0.00616294243121178,-0.01864104495953764,0.0059685956695893876,0.98291015625,0.0567924571039579,261.8146667480469
separable,mul8_183,0.0009523809523809598,0.005734092656567723,0.0011735357080568398,0.005333265730719302,0.97161865234375,0.0257304570505846,93.55133056640624
separable,mul8_222,-0.01714285714285708,0.008972116038769903,-0.017442730477532482,0.008454619484999319,0.986663818359375,0.0716261348944774,341.9072570800781
separable,mul8_227,-0.02523809523809516,0.009903159210993127,-0.02529019398257478,0.008873854139782865,0.981109619140625,0.0650952994495852,305.1357116699219
separable,mul8_241,-0.028571428571428505,0.013780758217607453,-0.0295605140929942,0.014105346580679643,0.990875244140625,0.0860928313505725,478.3315734863281
separable,mul8_251,-0.0052380952380952,0.009583148474999062,-0.005213779826174721,0.009793012291062993,0.989288330078125,0.0838492965838204,580.9886779785156
separable,mul8_255,-0.00285714285714282,0.005684445898244375,-0.00262749216522772,0.006088979474587459,0.9669189453125,0.0338100354093713,127.83172607421876
separable,mul8_258,-0.00809523809523804,0.00915970669603392,-0.0084090630770912,0.00975662542890236,0.977264404296875,0.0550565487195144,237.14434814453125
separable,mul8_269,-0.02571428571428564,0.010832679205787978,-0.02592068408725042,0.009747116700291361,0.979400634765625,0.0528583860508648,217.9053649902344
separable,mul8_287,-0.026190476190476118,0.007896725691322397,-0.02583286710644498,0.007874379916459756,0.984527587890625,0.0494291583671002,167.22027587890625
separable,mul8_305,-0.00380952380952376,0.001304101327393281,-0.0036611209068081797,0.0012843193194303465,0.90576171875,0.0083876430433498,23.88232421875
separable,mul8_312,0.0019047619047619403,0.010016992365696429,0.0016705063557297,0.010374068874909236,0.851104736328125,0.0503620935145933,383.08447265625
separable,mul8_348,-0.0009523809523809201,0.0013041013273932082,-0.00102642613499472,0.001357301898210969,0.00390625,8.214391236540144e-05,0.25
separable,mul8_356,-0.026190476190476118,0.007896725691322397,-0.02583286710644498,0.007874379916459756,0.984527587890625,0.0494291583671002,167.22027587890625
separable,mul8_358,-0.01238095238095236,0.005928523618089902,-0.01327507902923418,0.00679087665008562,0.9909820556640624,0.0918901088719506,617.1581420898438
separable,mul8_359,-0.00857142857142852,0.010727505072446386,-0.00898692166920868,0.011084331063486734,0.9727783203125,0.0298443861632733,98.00250244140624
separable,mul8_365,-0.0009523809523809601,0.0039840953644479215,-0.00098047024818318,0.003844497179239381,0.613525390625,0.0027837708210697,6.81689453125
separable,mul8_403,0.0019047619047619,0.0054294067861863134,0.00214631784747802,0.0056718482849992275,0.9478759765625,0.0254492094778663,102.58966064453124
separable,mul8_417,0.0023809523809523803,0.004761904761904725,0.00236489580050448,0.004738398178199726,0.9723968505859376,0.0312925376810577,130.818359375
separable,mul8_424,-0.01523809523809518,0.009003652571994829,-0.015265599389142839,0.008187311271686416,0.990814208984375,0.0977563610669922,649.2114868164062
separable,mul8_426,-0.00999999999999996,0.008485014133907278,-0.01021328067612114,0.009216801578207015,0.972747802734375,0.0401908693850989,175.77349853515625
separable,mul8_437,-0.046190476190476136,0.026168822217207816,-0.046962560860797045,0.024427647215422704,0.989837646484375,0.1007613122427103,624.46875
separable,mul8_449,-0.0185714285714285,0.005928523618089887,-0.018966195299410522,0.005891576053430823,0.9738616943359376,0.0420396535473199,188.58084106445312
separable,mul8_452,-0.00619047619047616,0.015667317977487615,-0.00682290465695944,0.016299175887322576,0.883331298828125,0.0515208315852325,373.7463989257813
separable,mul8_458,-0.0014285714285714,0.003984095364447924,-0.00129656505206476,0.004164494996189195,0.95166015625,0.0254600214027138,82.22381591796875
separable,mul8_461,-0.028571428571428543,0.013149239306175335,-0.02947981534860864,0.013855840517440803,0.9897613525390624,0.0820406563952827,412.1274108886719
separable,mul8_463,-0.00428571428571424,0.004259177099999552,-0.00436794066235404,0.004165991752427372,0.2890625,0.0024227198912436,12.0
separable,mul8_468,0.0009523809523809601,0.006649638116080367,0.0010284011546603598,0.006829712841965612,0.94287109375,0.0196964010899947,70.20361328125
separable,mul8_482,-0.01761904761904752,0.008003683959034112,-0.01807916455812146,0.008176567511615274,0.9780426025390624,0.0545852833104291,231.98605346679688
spatial,mul8_003,-0.0133333333333333,0.010459944112613702,-0.01375995034670616,0.011278830170844512,0.989837646484375,0.1007613122427103,624.46875
spatial,mul8_006,0.0009523809523809201,0.002129588549999727,0.0009127973847358601,0.002163497253924841,0.0002593994140625,0.0001419496319808,0.265625
spatial,mul8_007,0.00238095238095234,0.004454354031873668,0.00238487828480122,0.004716937124051493,0.6254425048828125,0.0121945804743187,70.44921875
spatial,mul8_008,-0.02333333333333332,0.02436262331864087,-0.02453895810328936,0.02375344263888121,0.990753173828125,0.0985900900417424,639.4364929199219
spatial,mul8_012,0.0,0.0,0.0,0.0,0.0,0.0,0.0
spatial,mul8_017,-0.013809523809523761,0.010157490003667398,-0.01424772631189766,0.010989189437857351,0.9898529052734376,0.1003686994513067,618.338623046875
spatial,mul8_020,-0.016190476190476137,0.017609392463905305,-0.01673993093588352,0.01785165772632742,0.98974609375,0.0825213068181135,577.6866149902344
spatial,mul8_023,-0.0133333333333333,0.010459944112613702,-0.01375995034670616,0.011278830170844512,0.989837646484375,0.1007613122427103,624.46875
spatial,mul8_042,0.00285714285714282,0.003531523089093127,0.0028177295191905,0.003395028934041683,0.90728759765625,0.0062569855907308,14.8961181640625
spatial,mul8_054,-0.0109523809523809,0.014541363318668921,-0.01141811355501684,0.014014169875852748,0.978271484375,0.044909188650704,154.04046630859375
spatial,mul8_061,-0.013809523809523761,0.010157490003667398,-0.01424772631189766,0.010989189437857351,0.9898223876953124,0.100213044626057,616.3072814941406
spatial,mul8_075,-0.0133333333333333,0.010459944112613702,-0.01375995034670616,0.011278830170844512,0.989837646484375,0.1007613122427103,624.46875
spatial,mul8_096,-0.0133333333333333,0.010459944112613702,-0.01375995034670616,0.011278830170844512,0.989837646484375,0.1007613122427103,624.46875
spatial,mul8_098,0.0033333333333332798,0.0013041013273932904,0.00339560949213792,0.0013298457803531218,0.568359375,0.002196387114622,4.609375
spatial,mul8_112,-0.006666666666666659,0.006606874726434048,-0.007457646677040181,0.006594276889412297,0.977783203125,0.0489519833510332,177.4468994140625
spatial,mul8_115,-0.0133333333333333,0.010459944112613702,-0.01375995034670616,0.011278830170844512,0.989837646484375,0.1007613122427103,624.46875
spatial,mul8_143,0.00428571428571426,0.007221786137191932,0.00429767837593234,0.006568998870678034,0.956512451171875,0.0232184411401025,75.7144775390625
spatial,mul8_151,-0.02714285714285708,0.019604941762132233,-0.02779876300793322,0.020426692982355873,0.990570068359375,0.098980264365354,618.0435485839844
spatial,mul8_167,-0.0133333333333333,0.010459944112613702,-0.01375995034670616,0.011278830170844512,0.989837646484375,0.1007613122427103,624.46875
spatial,mul8_169,-0.00047619047619042003,0.008485014133907329,-0.00115162606125182,0.008138945267013356,0.95819091796875,0.0289849759509745,103.10836791992188
spatial,mul8_173,-0.00809523809523808,0.008003683959034096,-0.00868406895356256,0.007869747707868429,0.97113037109375,0.0389400395585217,159.34262084960938
spatial,mul8_175,-0.01761904761904754,0.013944333775567969,-0.01810270349770526,0.014753117365852768,0.98291015625,0.0567924571039579,261.8146667480469
spatial,mul8_183,-0.0028571428571428402,0.004579853348016911,-0.00303946536490442,0.004120310976246216,0.97161865234375,0.0257304570505846,93.55133056640624
spatial,mul8_222,-0.00761904761904762,0.010567781438653402,-0.008243201507055301,0.010600449713936911,0.986663818359375,0.0716261348944774,341.9072570800781
spatial,mul8_227,-0.0204761904761904,0.012440333788203034,-0.02075258989545662,0.013560377184399144,0.981109619140625,0.0650952994495852,305.1357116699219
spatial,mul8_241,-0.02047619047619042,0.014146143597631342,-0.0208540146014555,0.013697375965172818,0.990875244140625,0.0860928313505725,478.3315734863281
spatial,mul8_251,-0.01809523809523808,0.018023038921690954,-0.01873662669037402,0.018153349726340043,0.989288330078125,0.0838492965838204,580.9886779785156
spatial,mul8_255,-0.00285714285714286,0.004879500364742597,-0.00319138210610706,0.003676035681372864,0.9669189453125,0.0338100354093713,127.83172607421876
spatial,mul8_258,-0.018571428571428537,0.009282661280770441,-0.01900167894186948,0.008662292188943621,0.977264404296875,0.0550565487195144,237.14434814453125
spatial,mul8_269,-0.023333333333333282,0.011091252094144915,-0.02351045895702868,0.012007834894942915,0.979400634765625,0.0528583860508648,217.9053649902344
spatial,mul8_287,-0.0228571428571428,0.009759000729485308,-0.0236735500669194,0.010295225575900823,0.984527587890625,0.0494291583671002,167.22027587890625
spatial,mul8_305,0.00142857142857144,0.005481364015819685,0.00141884608065538,0.005183086231323722,0.90576171875,0.0083876430433498,23.88232421875
spatial,mul8_312,-0.00190476190476188,0.00457985334801694,-0.0017583496840955799,0.0043589038720894995,0.851104736328125,0.0503620935145933,383.08447265625
spatial,mul8_348,-0.00047619047619048,0.0026082026547864577,-0.00044035874817494004,0.0025510582765556748,0.00390625,8.214391236540144e-05,0.25
spatial,mul8_356,-0.0228571428571428,0.009759000729485308,-0.0236735500669194,0.010295225575900823,0.984527587890625,0.0494291583671002,167.22027587890625
spatial,mul8_358,-0.01952380952380946,0.020160917266682402,-0.020470887527560218,0.01945927696583332,0.9909820556640624,0.0918901088719506,617.1581420898438
spatial,mul8_359,-0.006666666666666621,0.00592852361808986,-0.007251282305007339,0.005607425733247393,0.9727783203125,0.0298443861632733,98.00250244140624
spatial,mul8_365,0.0014285714285714201,0.004325214791567833,0.0014060629671226,0.004473627603227468,0.613525390625,0.0027837708210697,6.81689453125
spatial,mul8_403,0.0014285714285714201,0.007824607964359513,0.0013299673942632003,0.007564281938799267,0.9478759765625,0.0254492094778663,102.58966064453124
spatial,mul8_417,-0.00095238095238096,0.005481364015819674,-0.00114537738337732,0.005821040368217017,0.9723968505859376,0.0312925376810577,130.818359375
spatial,mul8_424,-0.024285714285714237,0.021782786688538402,-0.025838701695145537,0.022045430401599873,0.990814208984375,0.0977563610669922,649.2114868164062
spatial,mul8_426,-0.0033333333333333,0.005216405309572963,-0.003903223461052363,0.004308169776288474,0.972747802734375,0.0401908693850989,175.77349853515625
spatial,mul8_437,-0.0133333333333333,0.010459944112613702,-0.01375995034670616,0.011278830170844512,0.989837646484375,0.1007613122427103,624.46875
spatial,mul8_449,-0.01095238095238092,0.011736911946539245,-0.01139770392249168,0.011944983235695029,0.9738616943359376,0.0420396535473199,188.58084106445312
spatial,mul8_452,-0.00571428571428574,0.013320572124475537,-0.00591319069399184,0.013287786251216715,0.883331298828125,0.0515208315852325,373.7463989257813
spatial,mul8_458,8.673617379884036e-20,0.006941609398625276,-0.00016204011793675985,0.0059993927849033065,0.95166015625,0.0254600214027138,82.22381591796875
spatial,mul8_461,-0.01333333333333328,0.00800368395903406,-0.01367475417759322,0.007733062394798671,0.9897613525390624,0.0820406563952827,412.1274108886719
spatial,mul8_463,0.00238095238095238,0.005323971374999496,0.00237107693046222,0.00529397546923698,0.2890625,0.0024227198912436,12.0
spatial,mul8_468,0.0023809523809524002,0.006070261325705687,0.001964260535236576,0.006214283322146325,0.94287109375,0.0196964010899947,70.20361328125
spatial,mul8_482,-0.01619047619047616,0.01319228112113823,-0.01611177544245796,0.013706716575800904,0.9780426025390624,0.0545852833104291,231.98605346679688
temporal,mul8_003,-0.01,0.007788298682760052,-0.009665736698700859,0.0073386241603877415,0.989837646484375,0.1007613122427103,624.46875
temporal,mul8_006,0.00095238095238096,0.0021295885499998165,0.000882647535108016,0.002072462056639049,0.0002593994140625,0.0001419496319808,0.265625
temporal,mul8_007,-0.00285714285714288,0.007968190728895947,-0.00264872064294294,0.007930421295754614,0.6254425048828125,0.0121945804743187,70.44921875
temporal,mul8_008,-0.00047619047619046004,0.01591858538137786,-0.00012807493797705938,0.016084460283628657,0.990753173828125,0.0985900900417424,639.4364929199219
temporal,mul8_012,0.0,0.0,0.0,0.0,0.0,0.0,0.0
temporal,mul8_017,-0.01,0.007788298682760052,-0.009665736698700859,0.0073386241603877415,0.9898529052734376,0.1003686994513067,618.338623046875
temporal,mul8_020,0.00142857142857142,0.00521640530957298,0.0015915710082568403,0.005295801551186362,0.98974609375,0.0825213068181135,577.6866149902344
temporal,mul8_023,-0.01,0.007788298682760052,-0.009665736698700859,0.0073386241603877415,0.989837646484375,0.1007613122427103,624.46875
temporal,mul8_042,0.00095238095238094,0.0027147033930931285,0.0009677412810356999,0.0026121083322722897,0.90728759765625,0.0062569855907308,14.8961181640625
temporal,mul8_054,0.00047619047619046036,0.01340541739072306,0.0008084410699545002,0.013647840362780305,0.978271484375,0.044909188650704,154.04046630859375
temporal,mul8_061,-0.01,0.007788298682760052,-0.009665736698700859,0.0073386241603877415,0.9898223876953124,0.100213044626057,616.3072814941406
temporal,mul8_075,-0.01,0.007788298682760052,-0.009665736698700859,0.0073386241603877415,0.989837646484375,0.1007613122427103,624.46875
temporal,mul8_096,-0.01,0.007788298682760052,-0.009665736698700859,0.0073386241603877415,0.989837646484375,0.1007613122427103,624.46875
temporal,mul8_098,0.0014285714285714201,0.0021295885499998056,0.0013931767060552402,0.002031900062146784,0.568359375,0.002196387114622,4.609375
temporal,mul8_112,2.0036056147532123e-17,0.009671474291233235,0.0004200233516645,0.009664942715026789,0.977783203125,0.0489519833510332,177.4468994140625
temporal,mul8_115,-0.01,0.007788298682760052,-0.009665736698700859,0.0073386241603877415,0.989837646484375,0.1007613122427103,624.46875
temporal,mul8_143,0.0019047619047618599,0.006162942431211788,0.0020290520765420734,0.006407703518758049,0.956512451171875,0.0232184411401025,75.7144775390625
temporal,mul8_151,0.00142857142857146,0.012553739358537194,0.00147854064743892,0.012338320909519262,0.990570068359375,0.098980264365354,618.0435485839844
temporal,mul8_167,-0.01,0.007788298682760052,-0.009665736698700859,0.0073386241603877415,0.989837646484375,0.1007613122427103,624.46875
temporal,mul8_169,0.0009523809523809201,0.006859457281375251,0.00132395246325324,0.007049912669017473,0.95819091796875,0.0289849759509745,103.10836791992188
temporal,mul8_173,-0.0014285714285714398,0.008003683959034084,-0.00127704606585868,0.008009125133473936,0.97113037109375,0.0389400395585217,159.34262084960938
temporal,mul8_175,-0.006190476190476179,0.008178840017770287,-0.00585923544155156,0.007992788589281279,0.98291015625,0.0567924571039579,261.8146667480469
temporal,mul8_183,-0.0009523809523810201,0.008844845533812701,-0.00085900339389136,0.008814950671929394,0.97161865234375,0.0257304570505846,93.55133056640624
temporal,mul8_222,-0.00476190476190472,0.01010152544552207,-0.00442670726465128,0.009568745707323986,0.986663818359375,0.0716261348944774,341.9072570800781
temporal,mul8_227,-0.0042857142857143,0.010016992365696415,-0.0038761314519946597,0.009936857322880044,0.981109619140625,0.0650952994495852,305.1357116699219
temporal,mul8_241,-0.00238095238095238,0.006520506636966261,-0.00208850180075586,0.006932190991896592,0.990875244140625,0.0860928313505725,478.3315734863281
temporal,mul8_251,0.00190476190476188,0.007022800573215453,0.0019867820532601397,0.00734164563810462,0.989288330078125,0.0838492965838204,580.9886779785156
temporal,mul8_255,0.0014285714285713997,0.00745355992499928,0.0016545876070999596,0.007479523508242501,0.9669189453125,0.0338100354093713,127.83172607421876
temporal,mul8_258,-0.00476190476190474,0.007896725691322345,-0.00418343819877932,0.007932076553310725,0.977264404296875,0.0550565487195144,237.14434814453125
temporal,mul8_269,-0.00714285714285712,0.009373818897633095,-0.00660228189700158,0.009135503485923836,0.979400634765625,0.0528583860508648,217.9053649902344
temporal,mul8_287,-0.010476190476190462,0.008178840017770275,-0.01023597949062534,0.008333848828606086,0.984527587890625,0.0494291583671002,167.22027587890625
temporal,mul8_305,-0.00142857142857146,0.0036108930685959787,-0.001395022398133082,0.003529164363208924,0.90576171875,0.0083876430433498,23.88232421875
temporal,mul8_312,-0.00333333333333334,0.013636020060263165,-0.00335137083280904,0.013328172103575994,0.851104736328125,0.0503620935145933,383.08447265625
temporal,mul8_348,0.00047619047619046004,0.0010647942749998636,0.00043044591692485994,0.000962506330881214,0.00390625,8.214391236540144e-05,0.25
temporal,mul8_356,-0.010476190476190462,0.008178840017770275,-0.01023597949062534,0.008333848828606086,0.984527587890625,0.0494291583671002,167.22027587890625
temporal,mul8_358,-0.0038095238095238,0.010185356969622538,-0.00350211135691444,0.010547445508257642,0.9909820556640624,0.0918901088719506,617.1581420898438
temporal,mul8_359,-0.0009523809523810003,0.008003683959034055,-0.0006495647721198248,0.007728962424648684,0.9727783203125,0.0298443861632733,98.00250244140624
temporal,mul8_365,-1.9949319973733282e-17,0.0016835875742536627,3.337064377879244e-05,0.001570386986971941,0.613525390625,0.0027837708210697,6.81689453125
temporal,mul8_403,-0.0009523809523809799,0.0078246079643595,-0.0007589239641337094,0.0077668623673114445,0.9478759765625,0.0254492094778663,102.58966064453124
temporal,mul8_417,-0.0009523809523809802,0.010988553104013577,-0.0005920166136750603,0.01076801615189138,0.9723968505859376,0.0312925376810577,130.818359375
temporal,mul8_424,0.00095238095238094,0.004937247941268477,0.0013074356395826,0.005175605832751526,0.990814208984375,0.0977563610669922,649.2114868164062
temporal,mul8_426,-4.015884846886308e-17,0.007142857142857117,0.0005807523041664601,0.007303115640401421,0.972747802734375,0.0401908693850989,175.77349853515625
temporal,mul8_437,-0.01,0.007788298682760052,-0.009665736698700859,0.0073386241603877415,0.989837646484375,0.1007613122427103,624.46875
temporal,mul8_449,-0.0019047619047618998,0.009874495882536997,-0.001013317027927,0.009937894162021638,0.9738616943359376,0.0420396535473199,188.58084106445312
temporal,mul8_452,-0.0052380952380952205,0.010701050025830548,-0.00485589858781866,0.011236639306433446,0.883331298828125,0.0515208315852325,373.7463989257813
temporal,mul8_458,0.00095238095238094,0.005481364015819712,0.00121527420498754,0.00559741414458203,0.95166015625,0.0254600214027138,82.22381591796875
temporal,mul8_461,-0.0028571428571428203,0.007788298682760027,-0.00309876569597794,0.0076591149131520365,0.9897613525390624,0.0820406563952827,412.1274108886719
temporal,mul8_463,-1.9949319973733282e-17,0.0037646162621051806,2.584038347658007e-05,0.0036917144609535037,0.2890625,0.0024227198912436,12.0
temporal,mul8_468,-0.00142857142857144,0.009313146293146633,-0.0011414280777146003,0.009295920971900158,0.94287109375,0.0196964010899947,70.20361328125
temporal,mul8_482,-0.00333333333333334,0.006859457281375204,-0.00308819037131772,0.006583853496930888,0.9780426025390624,0.0545852833104291,231.98605346679688
