layer,multiplier_id,n_subjects,nonzero_pairs,mean_delta_acc,p,method,q_bh_200,significant_drop
dense,mul8_003,105,55,0.005714285714285714,0.28299530561855313,two-sided asymptotic Wilcoxon; integer correct-count differences; zeros omitted,0.5008766471124835,False
dense,mul8_006,105,2,0.0,1.0,two-sided asymptotic Wilcoxon; integer correct-count differences; zeros omitted,1.0,False
dense,mul8_007,105,18,0.0023809523809523807,0.27523352407483437,two-sided asymptotic Wilcoxon; integer correct-count differences; zeros omitted,0.5008766471124835,False
dense,mul8_008,105,59,-0.006666666666666666,0.20923821688546884,two-sided asymptotic Wilcoxon; integer correct-count differences; zeros omitted,0.45986421293509633,False
dense,mul8_012,105,0,0.0,1.0,two-sided asymptotic Wilcoxon; integer correct-count differences; zeros omitted,1.0,False
dense,mul8_017,105,55,0.005714285714285714,0.28299530561855313,two-sided asymptotic Wilcoxon; integer correct-count differences; zeros omitted,0.5008766471124835,False
dense,mul8_020,105,57,0.0014285714285714286,0.8825522488561737,two-sided asymptotic Wilcoxon; integer correct-count differences; zeros omitted,0.964537976891993,False
dense,mul8_023,105,55,0.005714285714285714,0.28299530561855313,two-sided asymptotic Wilcoxon; integer correct-count differences; zeros omitted,0.5008766471124835,False
dense,mul8_042,105,7,0.0014285714285714286,0.25683925795785656,two-sided asymptotic Wilcoxon; integer correct-count differences; zeros omitted,0.5008766471124835,False
dense,mul8_054,105,35,0.005238095238095238,0.1424864667743739,two-sided asymptotic Wilcoxon; integer correct-count differences; zeros omitted,0.3700947188944777,False
dense,mul8_061,105,55,0.005714285714285714,0.28299530561855313,two-sided asymptotic Wilcoxon; integer correct-count differences; zeros omitted,0.5008766471124835,False
dense,mul8_075,105,55,0.005714285714285714,0.28299530561855313,two-sided asymptotic Wilcoxon; integer correct-count differences; zeros omitted,0.5008766471124835,False
dense,mul8_096,105,55,0.005714285714285714,0.28299530561855313,two-sided asymptotic Wilcoxon; integer correct-count differences; zeros omitted,0.5008766471124835,False
dense,mul8_098,105,5,0.00047619047619047624,0.6547208460185769,two-sided asymptotic Wilcoxon; integer correct-count differences; zeros omitted,0.8235482339856313,False
dense,mul8_112,105,36,0.00380952380952381,0.25641695849532187,two-sided asymptotic Wilcoxon; integer correct-count differences; zeros omitted,0.5008766471124835,False
dense,mul8_115,105,55,0.005714285714285714,0.28299530561855313,two-sided asymptotic Wilcoxon; integer correct-count differences; zeros omitted,0.5008766471124835,False
dense,mul8_143,105,32,0.001904761904761905,0.47950012218695337,two-sided asymptotic Wilcoxon; integer correct-count differences; zeros omitted,0.7082868062957322,False
dense,mul8_151,105,63,-0.01,0.06058178686634405,two-sided asymptotic Wilcoxon; integer correct-count differences; zeros omitted,0.21256767321524228,False
dense,mul8_167,105,55,0.005714285714285714,0.28299530561855313,two-sided asymptotic Wilcoxon; integer correct-count differences; zeros omitted,0.5008766471124835,False
dense,mul8_169,105,31,0.0047619047619047615,0.11023614492775265,two-sided asymptotic Wilcoxon; integer correct-count differences; zeros omitted,0.2979355268317639,False
dense,mul8_173,105,29,0.001904761904761905,0.47950012218695337,two-sided asymptotic Wilcoxon; integer correct-count differences; zeros omitted,0.7082868062957322,False
dense,mul8_175,105,35,0.004285714285714286,0.21704390775694227,two-sided asymptotic Wilcoxon; integer correct-count differences; zeros omitted,0.47183458208030926,False
dense,mul8_183,105,25,0.005714285714285714,0.023342202012890837,two-sided asymptotic Wilcoxon; integer correct-count differences; zeros omitted,0.12617406493454508,False
dense,mul8_222,105,41,0.0047619047619047615,0.2061390669722044,two-sided asymptotic Wilcoxon; integer correct-count differences; zeros omitted,0.45808681549378755,False
dense,mul8_227,105,37,0.0047619047619047615,0.18487842769980978,two-sided asymptotic Wilcoxon; integer correct-count differences; zeros omitted,0.43094108707425216,False
dense,mul8_241,105,58,0.0009523809523809525,0.8528526438993062,two-sided asymptotic Wilcoxon; integer correct-count differences; zeros omitted,0.9529265849024612,False
dense,mul8_251,105,58,0.002857142857142857,0.6655286098133332,two-sided asymptotic Wilcoxon; integer correct-count differences; zeros omitted,0.8271301234033489,False
dense,mul8_255,105,34,0.004285714285714286,0.1648834021990635,two-sided asymptotic Wilcoxon; integer correct-count differences; zeros omitted,0.4037020943840735,False
dense,mul8_258,105,36,0.003333333333333333,0.4181056376027531,two-sided asymptotic Wilcoxon; integer correct-count differences; zeros omitted,0.6482257947329505,False
dense,mul8_269,105,38,0.006666666666666666,0.09593203301315759,two-sided asymptotic Wilcoxon; integer correct-count differences; zeros omitted,0.274091522894736,False
dense,mul8_287,105,39,0.0023809523809523807,0.5208859042670948,two-sided asymptotic Wilcoxon; integer correct-count differences; zeros omitted,0.733642118686049,False
dense,mul8_305,105,13,0.0023809523809523807,0.16551785869747015,two-sided asymptotic Wilcoxon; integer correct-count differences; zeros omitted,0.4037020943840735,False
dense,mul8_312,105,41,-0.0014285714285714286,0.7034933475276643,two-sided asymptotic Wilcoxon; integer correct-count differences; zeros omitted,0.8565791329677269,False
dense,mul8_348,105,0,0.0,1.0,two-sided asymptotic Wilcoxon; integer correct-count differences; zeros omitted,1.0,False
dense,mul8_356,105,39,0.0023809523809523807,0.5208859042670948,two-sided asymptotic Wilcoxon; integer correct-count differences; zeros omitted,0.733642118686049,False
dense,mul8_358,105,53,-0.002857142857142857,0.537731407791627,two-sided asymptotic Wilcoxon; integer correct-count differences; zeros omitted,0.7520718990092684,False
dense,mul8_359,105,33,0.0,0.9921305020847351,two-sided asymptotic Wilcoxon; integer correct-count differences; zeros omitted,1.0,False
dense,mul8_365,105,6,0.0009523809523809525,0.4142161782425253,two-sided asymptotic Wilcoxon; integer correct-count differences; zeros omitted,0.6472127785039459,False
dense,mul8_403,105,28,0.00380952380952381,0.16800492188764604,two-sided asymptotic Wilcoxon; integer correct-count differences; zeros omitted,0.40483113707866514,False
dense,mul8_417,105,23,0.002857142857142857,0.23931654122149526,two-sided asymptotic Wilcoxon; integer correct-count differences; zeros omitted,0.5008766471124835,False
dense,mul8_424,105,56,-0.005238095238095238,0.3153148588398138,two-sided asymptotic Wilcoxon; integer correct-count differences; zeros omitted,0.5470870825222658,False
dense,mul8_426,105,37,0.003333333333333333,0.39785628874637624,two-sided asymptotic Wilcoxon; integer correct-count differences; zeros omitted,0.6315179186450417,False
dense,mul8_437,105,55,0.005714285714285714,0.28299530561855313,two-sided asymptotic Wilcoxon; integer correct-count differences; zeros omitted,0.5008766471124835,False
dense,mul8_449,105,43,-0.001904761904761905,0.6695668632238122,two-sided asymptotic Wilcoxon; integer correct-count differences; zeros omitted,0.8271301234033489,False
dense,mul8_452,105,45,0.0023809523809523807,0.5931913619587571,two-sided asymptotic Wilcoxon; integer correct-count differences; zeros omitted,0.7814742457748398,False
dense,mul8_458,105,23,0.0023809523809523807,0.34751507614189314,two-sided asymptotic Wilcoxon; integer correct-count differences; zeros omitted,0.5890086036303274,False
dense,mul8_461,105,54,0.0,0.858904911215821,two-sided asymptotic Wilcoxon; integer correct-count differences; zeros omitted,0.9529265849024612,False
dense,mul8_463,105,12,0.001904761904761905,0.24821307898992362,two-sided asymptotic Wilcoxon; integer correct-count differences; zeros omitted,0.5008766471124835,False
dense,mul8_468,105,25,0.004285714285714286,0.07186063822585158,two-sided asymptotic Wilcoxon; integer correct-count differences; zeros omitted,0.2373334088507729,False
dense,mul8_482,105,37,0.006666666666666666,0.060123209992149255,two-sided asymptotic Wilcoxon; integer correct-count differences; zeros omitted,0.21256767321524228,False
separable,mul8_003,105,66,-0.04619047619047619,3.527076393088943e-06,two-sided asymptotic Wilcoxon; integer correct-count differences; zeros omitted,7.837947540197651e-05,True
separable,mul8_006,105,5,-0.00047619047619047624,0.6547208460185769,two-sided asymptotic Wilcoxon; integer correct-count differences; zeros omitted,0.8235482339856313,False
separable,mul8_007,105,41,0.0009523809523809525,0.798627419821253,two-sided asymptotic Wilcoxon; integer correct-count differences; zeros omitted,0.9075311588877875,False
separable,mul8_008,105,55,-0.01380952380952381,0.0477466076865262,two-sided asymptotic Wilcoxon; integer correct-count differences; zeros omitted,0.18017587806236302,False
separable,mul8_012,105,0,0.0,1.0,two-sided asymptotic Wilcoxon; integer correct-count differences; zeros omitted,1.0,False
separable,mul8_017,105,66,-0.04619047619047619,3.527076393088943e-06,two-sided asymptotic Wilcoxon; integer correct-count differences; zeros omitted,7.837947540197651e-05,True
separable,mul8_020,105,49,-0.006666666666666666,0.18530466744192842,two-sided asymptotic Wilcoxon; integer correct-count differences; zeros omitted,0.43094108707425216,False
separable,mul8_023,105,66,-0.04619047619047619,3.527076393088943e-06,two-sided asymptotic Wilcoxon; integer correct-count differences; zeros omitted,7.837947540197651e-05,True
separable,mul8_042,105,14,0.0009523809523809525,0.5929800980174267,two-sided asymptotic Wilcoxon; integer correct-count differences; zeros omitted,0.7814742457748398,False
separable,mul8_054,105,49,-0.009523809523809523,0.054956579649388604,two-sided asymptotic Wilcoxon; integer correct-count differences; zeros omitted,0.20354288759032818,False
separable,mul8_061,105,66,-0.04619047619047619,3.527076393088943e-06,two-sided asymptotic Wilcoxon; integer correct-count differences; zeros omitted,7.837947540197651e-05,True
separable,mul8_075,105,66,-0.04619047619047619,3.527076393088943e-06,two-sided asymptotic Wilcoxon; integer correct-count differences; zeros omitted,7.837947540197651e-05,True
separable,mul8_096,105,66,-0.04619047619047619,3.527076393088943e-06,two-sided asymptotic Wilcoxon; integer correct-count differences; zeros omitted,7.837947540197651e-05,True
separable,mul8_098,105,7,-0.0023809523809523807,0.05878172135535886,two-sided asymptotic Wilcoxon; integer correct-count differences; zeros omitted,0.21256767321524228,False
separable,mul8_112,105,50,-0.005238095238095238,0.36649606702063664,two-sided asymptotic Wilcoxon; integer correct-count differences; zeros omitted,0.6043377498405321,False
separable,mul8_115,105,66,-0.04619047619047619,3.527076393088943e-06,two-sided asymptotic Wilcoxon; integer correct-count differences; zeros omitted,7.837947540197651e-05,True
separable,mul8_143,105,41,-0.0047619047619047615,0.24614671246435027,two-sided asymptotic Wilcoxon; integer correct-count differences; zeros omitted,0.5008766471124835,False
separable,mul8_151,105,65,-0.011428571428571429,0.021066688802166052,two-sided asymptotic Wilcoxon; integer correct-count differences; zeros omitted,0.11703716001203363,False
separable,mul8_167,105,66,-0.04619047619047619,3.527076393088943e-06,two-sided asymptotic Wilcoxon; integer correct-count differences; zeros omitted,7.837947540197651e-05,True
separable,mul8_169,105,43,-0.002857142857142857,0.5530922266765785,two-sided asymptotic Wilcoxon; integer correct-count differences; zeros omitted,0.7681836481619146,False
separable,mul8_173,105,34,-0.001904761904761905,0.6699753999567126,two-sided asymptotic Wilcoxon; integer correct-count differences; zeros omitted,0.8271301234033489,False
separable,mul8_175,105,58,-0.018571428571428572,0.007565784420271267,two-sided asymptotic Wilcoxon; integer correct-count differences; zeros omitted,0.05217782358807771,False
separable,mul8_183,105,34,0.0009523809523809525,0.7580307143412689,two-sided asymptotic Wilcoxon; integer correct-count differences; zeros omitted,0.8842976735483388,False
separable,mul8_222,105,60,-0.017142857142857144,0.005989478827712325,two-sided asymptotic Wilcoxon; integer correct-count differences; zeros omitted,0.044366509834906115,True
separable,mul8_227,105,59,-0.025238095238095237,0.0012181614843502137,two-sided asymptotic Wilcoxon; integer correct-count differences; zeros omitted,0.015227018554377672,True
separable,mul8_241,105,62,-0.02857142857142857,4.5867088187859325e-05,two-sided asymptotic Wilcoxon; integer correct-count differences; zeros omitted,0.0009173417637571865,True
separable,mul8_251,105,46,-0.005238095238095238,0.36864602740272456,two-sided asymptotic Wilcoxon; integer correct-count differences; zeros omitted,0.6043377498405321,False
separable,mul8_255,105,41,-0.002857142857142857,0.48871789634405516,two-sided asymptotic Wilcoxon; integer correct-count differences; zeros omitted,0.7082868062957322,False
separable,mul8_258,105,56,-0.008095238095238096,0.199585432729662,two-sided asymptotic Wilcoxon; integer correct-count differences; zeros omitted,0.4536032562037773,False
separable,mul8_269,105,63,-0.02571428571428571,0.0014549459088743831,two-sided asymptotic Wilcoxon; integer correct-count differences; zeros omitted,0.016166065654159813,True
separable,mul8_287,105,64,-0.02619047619047619,0.00044588015509245245,two-sided asymptotic Wilcoxon; integer correct-count differences; zeros omitted,0.006859694693730037,True
separable,mul8_305,105,13,-0.00380952380952381,0.04550026389635839,two-sided asymptotic Wilcoxon; integer correct-count differences; zeros omitted,0.1750010149859938,False
separable,mul8_312,105,50,0.001904761904761905,0.6017351692466266,two-sided asymptotic Wilcoxon; integer correct-count differences; zeros omitted,0.7814742457748398,False
separable,mul8_348,105,2,-0.0009523809523809525,0.15729920705028502,two-sided asymptotic Wilcoxon; integer correct-count differences; zeros omitted,0.398225840633633,False
separable,mul8_356,105,64,-0.02619047619047619,0.00044588015509245245,two-sided asymptotic Wilcoxon; integer correct-count differences; zeros omitted,0.006859694693730037,True
separable,mul8_358,105,58,-0.012380952380952381,0.045064011834122966,two-sided asymptotic Wilcoxon; integer correct-count differences; zeros omitted,0.1750010149859938,False
separable,mul8_359,105,49,-0.008571428571428572,0.034013412466780205,two-sided asymptotic Wilcoxon; integer correct-count differences; zeros omitted,0.1632997665693304,False
separable,mul8_365,105,9,-0.0009523809523809525,0.5637028616507731,two-sided asymptotic Wilcoxon; integer correct-count differences; zeros omitted,0.7761623017578761,False
separable,mul8_403,105,36,0.001904761904761905,0.5995114004296149,two-sided asymptotic Wilcoxon; integer correct-count differences; zeros omitted,0.7814742457748398,False
separable,mul8_417,105,35,0.0023809523809523807,0.5032156836382455,two-sided asymptotic Wilcoxon; integer correct-count differences; zeros omitted,0.724051343364382,False
separable,mul8_424,105,49,-0.01523809523809524,0.004795711248828349,two-sided asymptotic Wilcoxon; integer correct-count differences; zeros omitted,0.043597374989348625,True
separable,mul8_426,105,50,-0.01,0.037155372542564895,two-sided asymptotic Wilcoxon; integer correct-count differences; zeros omitted,0.16332981935730465,False
separable,mul8_437,105,66,-0.04619047619047619,3.527076393088943e-06,two-sided asymptotic Wilcoxon; integer correct-count differences; zeros omitted,7.837947540197651e-05,True
separable,mul8_449,105,60,-0.018571428571428572,0.00337526358955448,two-sided asymptotic Wilcoxon; integer correct-count differences; zeros omitted,0.0337526358955448,True
separable,mul8_452,105,55,-0.006190476190476191,0.251708597665365,two-sided asymptotic Wilcoxon; integer correct-count differences; zeros omitted,0.5008766471124835,False
separable,mul8_458,105,37,-0.0014285714285714286,0.764917487619313,two-sided asymptotic Wilcoxon; integer correct-count differences; zeros omitted,0.8842976735483388,False
separable,mul8_461,105,66,-0.02857142857142857,0.00017276458727304592,two-sided asymptotic Wilcoxon; integer correct-count differences; zeros omitted,0.0031411743140553807,True
separable,mul8_463,105,25,-0.004285714285714286,0.1078926767172823,two-sided asymptotic Wilcoxon; integer correct-count differences; zeros omitted,0.29559637456789667,False
separable,mul8_468,105,32,0.0009523809523809525,0.7908161934079302,two-sided asymptotic Wilcoxon; integer correct-count differences; zeros omitted,0.9074114205455619,False
separable,mul8_482,105,56,-0.01761904761904762,0.015573996185681123,two-sided asymptotic Wilcoxon; integer correct-count differences; zeros omitted,0.08899426391817784,False
spatial,mul8_003,105,78,-0.013333333333333332,0.04083245483932617,two-sided asymptotic Wilcoxon; integer correct-count differences; zeros omitted,0.16332981935730465,False
spatial,mul8_006,105,6,0.0009523809523809525,0.4142161782425253,two-sided asymptotic Wilcoxon; integer correct-count differences; zeros omitted,0.6472127785039459,False
spatial,mul8_007,105,38,0.0023809523809523807,0.5886695890882658,two-sided asymptotic Wilcoxon; integer correct-count differences; zeros omitted,0.7814742457748398,False
spatial,mul8_008,105,63,-0.023333333333333334,0.0013938081872989683,two-sided asymptotic Wilcoxon; integer correct-count differences; zeros omitted,0.016166065654159813,True
spatial,mul8_012,105,0,0.0,1.0,two-sided asymptotic Wilcoxon; integer correct-count differences; zeros omitted,1.0,False
spatial,mul8_017,105,79,-0.01380952380952381,0.03429295097955939,two-sided asymptotic Wilcoxon; integer correct-count differences; zeros omitted,0.1632997665693304,False
spatial,mul8_020,105,65,-0.016190476190476193,0.005777723355500347,two-sided asymptotic Wilcoxon; integer correct-count differences; zeros omitted,0.044366509834906115,True
spatial,mul8_023,105,78,-0.013333333333333332,0.04083245483932617,two-sided asymptotic Wilcoxon; integer correct-count differences; zeros omitted,0.16332981935730465,False
spatial,mul8_042,105,16,0.002857142857142857,0.13361440253771614,two-sided asymptotic Wilcoxon; integer correct-count differences; zeros omitted,0.3563050734339097,False
spatial,mul8_054,105,57,-0.010952380952380953,0.10004203778947117,two-sided asymptotic Wilcoxon; integer correct-count differences; zeros omitted,0.2782953961118841,False
spatial,mul8_061,105,79,-0.01380952380952381,0.03429295097955939,two-sided asymptotic Wilcoxon; integer correct-count differences; zeros omitted,0.1632997665693304,False
spatial,mul8_075,105,78,-0.013333333333333332,0.04083245483932617,two-sided asymptotic Wilcoxon; integer correct-count differences; zeros omitted,0.16332981935730465,False
spatial,mul8_096,105,78,-0.013333333333333332,0.04083245483932617,two-sided asymptotic Wilcoxon; integer correct-count differences; zeros omitted,0.16332981935730465,False
spatial,mul8_098,105,7,0.003333333333333333,0.0081509715935027,two-sided asymptotic Wilcoxon; integer correct-count differences; zeros omitted,0.05296738450145571,False
spatial,mul8_112,105,61,-0.006666666666666666,0.4830276063111528,two-sided asymptotic Wilcoxon; integer correct-count differences; zeros omitted,0.7082868062957322,False
spatial,mul8_115,105,78,-0.013333333333333332,0.04083245483932617,two-sided asymptotic Wilcoxon; integer correct-count differences; zeros omitted,0.16332981935730465,False
spatial,mul8_143,105,41,0.004285714285714286,0.25352584534831046,two-sided asymptotic Wilcoxon; integer correct-count differences; zeros omitted,0.5008766471124835,False
spatial,mul8_151,105,75,-0.027142857142857142,0.0010717616996557561,two-sided asymptotic Wilcoxon; integer correct-count differences; zeros omitted,0.014290155995410081,True
spatial,mul8_167,105,78,-0.013333333333333332,0.04083245483932617,two-sided asymptotic Wilcoxon; integer correct-count differences; zeros omitted,0.16332981935730465,False
spatial,mul8_169,105,49,-0.00047619047619047624,0.9576382687193101,two-sided asymptotic Wilcoxon; integer correct-count differences; zeros omitted,1.0,False
spatial,mul8_173,105,51,-0.008095238095238096,0.10018634260027827,two-sided asymptotic Wilcoxon; integer correct-count differences; zeros omitted,0.2782953961118841,False
spatial,mul8_175,105,65,-0.01761904761904762,0.01245198571041674,two-sided asymptotic Wilcoxon; integer correct-count differences; zeros omitted,0.07546658006313176,False
spatial,mul8_183,105,39,-0.002857142857142857,0.487242831128208,two-sided asymptotic Wilcoxon; integer correct-count differences; zeros omitted,0.7082868062957322,False
spatial,mul8_222,105,58,-0.00761904761904762,0.20350011608282603,two-sided asymptotic Wilcoxon; integer correct-count differences; zeros omitted,0.45730363164680005,False
spatial,mul8_227,105,64,-0.020476190476190474,0.0069911324262846505,two-sided asymptotic Wilcoxon; integer correct-count differences; zeros omitted,0.049936660187747506,True
spatial,mul8_241,105,66,-0.020476190476190474,0.0037493263737472084,two-sided asymptotic Wilcoxon; integer correct-count differences; zeros omitted,0.03570787022616389,True
spatial,mul8_251,105,67,-0.018095238095238095,0.005184982254911723,two-sided asymptotic Wilcoxon; integer correct-count differences; zeros omitted,0.044366509834906115,True
spatial,mul8_255,105,54,-0.002857142857142857,0.518945059197867,two-sided asymptotic Wilcoxon; integer correct-count differences; zeros omitted,0.733642118686049,False
spatial,mul8_258,105,61,-0.018571428571428572,0.008209944597725635,two-sided asymptotic Wilcoxon; integer correct-count differences; zeros omitted,0.05296738450145571,False
spatial,mul8_269,105,71,-0.023333333333333334,0.0021130816019685455,two-sided asymptotic Wilcoxon; integer correct-count differences; zeros omitted,0.022242964231247848,True
spatial,mul8_287,105,70,-0.022857142857142857,0.005553601100298274,two-sided asymptotic Wilcoxon; integer correct-count differences; zeros omitted,0.044366509834906115,True
spatial,mul8_305,105,29,0.0014285714285714286,0.5774686624272996,two-sided asymptotic Wilcoxon; integer correct-count differences; zeros omitted,0.7814742457748398,False
spatial,mul8_312,105,55,-0.001904761904761905,0.7939849929773667,two-sided asymptotic Wilcoxon; integer correct-count differences; zeros omitted,0.9074114205455619,False
spatial,mul8_348,105,5,-0.00047619047619047624,0.6547208460185769,two-sided asymptotic Wilcoxon; integer correct-count differences; zeros omitted,0.8235482339856313,False
spatial,mul8_356,105,70,-0.022857142857142857,0.005553601100298274,two-sided asymptotic Wilcoxon; integer correct-count differences; zeros omitted,0.044366509834906115,True
spatial,mul8_358,105,67,-0.019523809523809523,0.01340688835978389,two-sided asymptotic Wilcoxon; integer correct-count differences; zeros omitted,0.07886404917519936,False
spatial,mul8_359,105,56,-0.006666666666666666,0.2212647459014786,two-sided asymptotic Wilcoxon; integer correct-count differences; zeros omitted,0.47583816322898626,False
spatial,mul8_365,105,7,0.0014285714285714286,0.25683925795785656,two-sided asymptotic Wilcoxon; integer correct-count differences; zeros omitted,0.5008766471124835,False
spatial,mul8_403,105,43,0.0014285714285714286,0.7607355359642634,two-sided asymptotic Wilcoxon; integer correct-count differences; zeros omitted,0.8842976735483388,False
spatial,mul8_417,105,40,-0.0009523809523809525,0.8395732914058627,two-sided asymptotic Wilcoxon; integer correct-count differences; zeros omitted,0.9486703857693364,False
spatial,mul8_424,105,68,-0.024285714285714285,0.0005510314850974603,two-sided asymptotic Wilcoxon; integer correct-count differences; zeros omitted,0.007871878358535147,True
spatial,mul8_426,105,49,-0.003333333333333333,0.6079911653447145,two-sided asymptotic Wilcoxon; integer correct-count differences; zeros omitted,0.784504729477051,False
spatial,mul8_437,105,78,-0.013333333333333332,0.04083245483932617,two-sided asymptotic Wilcoxon; integer correct-count differences; zeros omitted,0.16332981935730465,False
spatial,mul8_449,105,58,-0.010952380952380953,0.03307282047499973,two-sided asymptotic Wilcoxon; integer correct-count differences; zeros omitted,0.1632997665693304,False
spatial,mul8_452,105,60,-0.005714285714285714,0.38177123395623036,two-sided asymptotic Wilcoxon; integer correct-count differences; zeros omitted,0.6207662340751713,False
spatial,mul8_458,105,42,0.0,0.9630361510983512,two-sided asymptotic Wilcoxon; integer correct-count differences; zeros omitted,1.0,False
spatial,mul8_461,105,70,-0.013333333333333332,0.030908013652429574,two-sided asymptotic Wilcoxon; integer correct-count differences; zeros omitted,0.1626737560654188,False
spatial,mul8_463,105,12,0.0023809523809523807,0.19670560245894686,two-sided asymptotic Wilcoxon; integer correct-count differences; zeros omitted,0.4521967872619468,False
spatial,mul8_468,105,38,0.0023809523809523807,0.48853975659908766,two-sided asymptotic Wilcoxon; integer correct-count differences; zeros omitted,0.7082868062957322,False
spatial,mul8_482,105,62,-0.016190476190476193,0.011984456956079702,two-sided asymptotic Wilcoxon; integer correct-count differences; zeros omitted,0.07490285597549814,False
temporal,mul8_003,105,57,-0.01,0.08188002605351664,two-sided asymptotic Wilcoxon; integer correct-count differences; zeros omitted,0.2373334088507729,False
temporal,mul8_006,105,2,0.0009523809523809525,0.15729920705028502,two-sided asymptotic Wilcoxon; integer correct-count differences; zeros omitted,0.398225840633633,False
temporal,mul8_007,105,30,-0.002857142857142857,0.34727751603749313,two-sided asymptotic Wilcoxon; integer correct-count differences; zeros omitted,0.5890086036303274,False
temporal,mul8_008,105,53,-0.00047619047619047624,0.9776847639062592,two-sided asymptotic Wilcoxon; integer correct-count differences; zeros omitted,1.0,False
temporal,mul8_012,105,0,0.0,1.0,two-sided asymptotic Wilcoxon; integer correct-count differences; zeros omitted,1.0,False
temporal,mul8_017,105,57,-0.01,0.08188002605351664,two-sided asymptotic Wilcoxon; integer correct-count differences; zeros omitted,0.2373334088507729,False
temporal,mul8_020,105,42,0.0014285714285714286,0.7255702164062041,two-sided asymptotic Wilcoxon; integer correct-count differences; zeros omitted,0.8689463669535378,False
temporal,mul8_023,105,57,-0.01,0.08188002605351664,two-sided asymptotic Wilcoxon; integer correct-count differences; zeros omitted,0.2373334088507729,False
temporal,mul8_042,105,8,0.0009523809523809525,0.47950012218695337,two-sided asymptotic Wilcoxon; integer correct-count differences; zeros omitted,0.7082868062957322,False
temporal,mul8_054,105,38,0.00047619047619047624,0.9265844967531236,two-sided asymptotic Wilcoxon; integer correct-count differences; zeros omitted,0.9963274158635737,False
temporal,mul8_061,105,57,-0.01,0.08188002605351664,two-sided asymptotic Wilcoxon; integer correct-count differences; zeros omitted,0.2373334088507729,False
temporal,mul8_075,105,57,-0.01,0.08188002605351664,two-sided asymptotic Wilcoxon; integer correct-count differences; zeros omitted,0.2373334088507729,False
temporal,mul8_096,105,57,-0.01,0.08188002605351664,two-sided asymptotic Wilcoxon; integer correct-count differences; zeros omitted,0.2373334088507729,False
temporal,mul8_098,105,5,0.0014285714285714286,0.17971249487899976,two-sided asymptotic Wilcoxon; integer correct-count differences; zeros omitted,0.427886892569047,False
temporal,mul8_112,105,37,0.0,0.9684715166561421,two-sided asymptotic Wilcoxon; integer correct-count differences; zeros omitted,1.0,False
temporal,mul8_115,105,57,-0.01,0.08188002605351664,two-sided asymptotic Wilcoxon; integer correct-count differences; zeros omitted,0.2373334088507729,False
temporal,mul8_143,105,21,0.001904761904761905,0.4630540481755423,two-sided asymptotic Wilcoxon; integer correct-count differences; zeros omitted,0.7069527453061715,False
temporal,mul8_151,105,56,0.0014285714285714286,0.7619750378775585,two-sided asymptotic Wilcoxon; integer correct-count differences; zeros omitted,0.8842976735483388,False
temporal,mul8_167,105,57,-0.01,0.08188002605351664,two-sided asymptotic Wilcoxon; integer correct-count differences; zeros omitted,0.2373334088507729,False
temporal,mul8_169,105,29,0.0009523809523809525,0.8627887635427083,two-sided asymptotic Wilcoxon; integer correct-count differences; zeros omitted,0.9529265849024612,False
temporal,mul8_173,105,21,-0.0014285714285714286,0.5665984802832496,two-sided asymptotic Wilcoxon; integer correct-count differences; zeros omitted,0.7761623017578761,False
temporal,mul8_175,105,42,-0.006190476190476191,0.16227120648594495,two-sided asymptotic Wilcoxon; integer correct-count differences; zeros omitted,0.4037020943840735,False
temporal,mul8_183,105,24,-0.0009523809523809525,0.8671631922612397,two-sided asymptotic Wilcoxon; integer correct-count differences; zeros omitted,0.9529265849024612,False
temporal,mul8_222,105,37,-0.0047619047619047615,0.36431555564045415,two-sided asymptotic Wilcoxon; integer correct-count differences; zeros omitted,0.6043377498405321,False
temporal,mul8_227,105,45,-0.004285714285714286,0.3938681484117099,two-sided asymptotic Wilcoxon; integer correct-count differences; zeros omitted,0.6315179186450417,False
temporal,mul8_241,105,39,-0.0023809523809523807,0.7434756668788962,two-sided asymptotic Wilcoxon; integer correct-count differences; zeros omitted,0.8842976735483388,False
temporal,mul8_251,105,43,0.001904761904761905,0.5926015666571272,two-sided asymptotic Wilcoxon; integer correct-count differences; zeros omitted,0.7814742457748398,False
temporal,mul8_255,105,27,0.0014285714285714286,0.6120297162709416,two-sided asymptotic Wilcoxon; integer correct-count differences; zeros omitted,0.7846534823986431,False
temporal,mul8_258,105,37,-0.0047619047619047615,0.26841901791173495,two-sided asymptotic Wilcoxon; integer correct-count differences; zeros omitted,0.5008766471124835,False
temporal,mul8_269,105,44,-0.007142857142857143,0.13886523477457458,two-sided asymptotic Wilcoxon; integer correct-count differences; zeros omitted,0.3654348283541436,False
temporal,mul8_287,105,52,-0.010476190476190476,0.06659290883844081,two-sided asymptotic Wilcoxon; integer correct-count differences; zeros omitted,0.22573867402861292,False
temporal,mul8_305,105,9,-0.0014285714285714286,0.31731050786291415,two-sided asymptotic Wilcoxon; integer correct-count differences; zeros omitted,0.5470870825222658,False
temporal,mul8_312,105,47,-0.003333333333333333,0.4356360001702463,two-sided asymptotic Wilcoxon; integer correct-count differences; zeros omitted,0.670209231031148,False
temporal,mul8_348,105,1,0.00047619047619047624,0.31731050786291415,two-sided asymptotic Wilcoxon; integer correct-count differences; zeros omitted,0.5470870825222658,False
temporal,mul8_356,105,52,-0.010476190476190476,0.06659290883844081,two-sided asymptotic Wilcoxon; integer correct-count differences; zeros omitted,0.22573867402861292,False
temporal,mul8_358,105,41,-0.00380952380952381,0.3538060822131017,two-sided asymptotic Wilcoxon; integer correct-count differences; zeros omitted,0.5946320709463894,False
temporal,mul8_359,105,33,-0.0009523809523809525,0.9008195777218763,two-sided asymptotic Wilcoxon; integer correct-count differences; zeros omitted,0.9746742991256132,False
temporal,mul8_365,105,6,0.0,1.0,two-sided asymptotic Wilcoxon; integer correct-count differences; zeros omitted,1.0,False
temporal,mul8_403,105,21,-0.0009523809523809525,0.7066777846983747,two-sided asymptotic Wilcoxon; integer correct-count differences; zeros omitted,0.8565791329677269,False
temporal,mul8_417,105,31,-0.0009523809523809525,0.8643860360341808,two-sided asymptotic Wilcoxon; integer correct-count differences; zeros omitted,0.9529265849024612,False
temporal,mul8_424,105,52,0.0009523809523809525,0.9015737266911923,two-sided asymptotic Wilcoxon; integer correct-count differences; zeros omitted,0.9746742991256132,False
temporal,mul8_426,105,38,0.0,0.9451443524233049,two-sided asymptotic Wilcoxon; integer correct-count differences; zeros omitted,1.0,False
temporal,mul8_437,105,57,-0.01,0.08188002605351664,two-sided asymptotic Wilcoxon; integer correct-count differences; zeros omitted,0.2373334088507729,False
temporal,mul8_449,105,44,-0.001904761904761905,0.7632249696461771,two-sided asymptotic Wilcoxon; integer correct-count differences; zeros omitted,0.8842976735483388,False
temporal,mul8_452,105,49,-0.005238095238095238,0.22409587375135598,two-sided asymptotic Wilcoxon; integer correct-count differences; zeros omitted,0.4767997313858638,False
temporal,mul8_458,105,24,0.0009523809523809525,0.7121184201582986,two-sided asymptotic Wilcoxon; integer correct-count differences; zeros omitted,0.8579740001907212,False
temporal,mul8_461,105,54,-0.002857142857142857,0.6782131179671863,two-sided asymptotic Wilcoxon; integer correct-count differences; zeros omitted,0.832163334929063,False
temporal,mul8_463,105,10,0.0,1.0,two-sided asymptotic Wilcoxon; integer correct-count differences; zeros omitted,1.0,False
temporal,mul8_468,105,25,-0.0014285714285714286,0.6014316046391459,two-sided asymptotic Wilcoxon; integer correct-count differences; zeros omitted,0.7814742457748398,False
temporal,mul8_482,105,36,-0.003333333333333333,0.3970897065520438,two-sided asymptotic Wilcoxon; integer correct-count differences; zeros omitted,0.6315179186450417,False
