dataset,model,n_classes,mode,fold,accuracy,f1_macro,sensitivity,specificity,precision,auc,published_reference_accuracy,delta_vs_published,within_band,baseline_status,notes,run_id,timestamp_utc,protocol,tag,source_version
EEGMMIDB,"EEGNet-8,2 (64-tap, first pool 4)",4,global,pooled_oof,62.3,62.36,,,,,65.07,-2.77,yes,superseded,Historical project-protocol result retained for audit only. Superseded as the canonical Wang-EEGNet EEGMMIDB baseline by the Wang-compatible data/architecture path; not an exact Wang reproduction.,,,,,
eegmmidb,wang_eegnet82,4,global,0,31.818181818181817,32.95711233211233,,,,,,,not_assessed,superseded_architecture,Superseded smoke artifact: it predates the released BatchNormalization(axis=1) correction and is not the corrected result.,local-real-fold0-20260926-fold0,2026-09-26T05:45:45.429481+00:00,subject_cv,,
eegmmidb,wang_eegnet82,4,global,0,31.818181818181817,32.95711233211233,,,,,,,not_assessed,superseded_architecture,Superseded smoke artifact: it predates the released BatchNormalization(axis=1) correction and is not the corrected result.,local-real-fold0-repeat2-20260926-fold0,2026-09-26T05:52:59.568987+00:00,subject_cv,,
eegmmidb,wang_eegnet82,4,sstl,subject004_cv0,34.78260869565217,30.77922077922078,,,,,70.83,-36.04739130434783,no,measured_ss_tl,"Four-fold stratified per-subject fine-tuning, 5 epochs, Adam LR=1e-3 and batch size 16, following the authors' released SS-TL script; cohort and preprocessing still differ, so this is not an exact reproduction.",eegmmidb_fold0_wang_eegnet82_4class_subject004_cv0,2026-09-26T05:53:56.753076+00:00,,,
eegmmidb,wang_eegnet82,4,sstl,subject004_cv1,26.08695652173913,23.205128205128204,,,,,70.83,-44.74304347826087,no,measured_ss_tl,"Four-fold stratified per-subject fine-tuning, 5 epochs, Adam LR=1e-3 and batch size 16, following the authors' released SS-TL script; cohort and preprocessing still differ, so this is not an exact reproduction.",eegmmidb_fold0_wang_eegnet82_4class_subject004_cv1,2026-09-26T05:54:00.865135+00:00,,,
eegmmidb,wang_eegnet82,4,sstl,subject004_cv2,63.63636363636363,63.10606060606061,,,,,70.83,-7.193636363636365,no,measured_ss_tl,"Four-fold stratified per-subject fine-tuning, 5 epochs, Adam LR=1e-3 and batch size 16, following the authors' released SS-TL script; cohort and preprocessing still differ, so this is not an exact reproduction.",eegmmidb_fold0_wang_eegnet82_4class_subject004_cv2,2026-09-26T05:54:05.083274+00:00,,,
eegmmidb,wang_eegnet82,4,sstl,subject004_cv3,45.0,46.72619047619048,,,,,70.83,-25.83,no,measured_ss_tl,"Four-fold stratified per-subject fine-tuning, 5 epochs, Adam LR=1e-3 and batch size 16, following the authors' released SS-TL script; cohort and preprocessing still differ, so this is not an exact reproduction.",eegmmidb_fold0_wang_eegnet82_4class_subject004_cv3,2026-09-26T05:54:09.459619+00:00,,,
eegmmidb,wang_eegnet82,4,global,0,33.33333333333333,31.64224664224664,,,,,,,not_assessed,superseded_architecture,Superseded smoke artifact: it predates the released BatchNormalization(axis=1) correction and is not the corrected result.,wangcompat-real-fold0-20260926-fold0,2026-09-26T06:04:58.168986+00:00,wang_repo_subject_cv,,
eegmmidb,wang_eegnet82,4,global,0,33.33333333333333,31.64224664224664,,,,,,,not_assessed,superseded_architecture,Superseded smoke artifact: it predates the released BatchNormalization(axis=1) correction and is not the corrected result.,wangcompat-real-fold0-repeat2-20260926-fold0,2026-09-26T06:11:51.036721+00:00,wang_repo_subject_cv,,
eegmmidb,wang_eegnet82,4,sstl,subject004_cv0,54.16666666666666,54.39393939393939,,,,,70.83,-16.663333333333334,no,superseded_architecture,Superseded smoke artifact: it predates the released BatchNormalization(axis=1) correction and is not the corrected result.,eegmmidb_fold0_wang_eegnet82_4class_wang_repo_subject_cv_subject004_cv0,2026-09-26T06:12:23.324543+00:00,wang_repo_subject_cv,,
eegmmidb,wang_eegnet82,4,sstl,subject004_cv1,50.0,49.74747474747476,,,,,70.83,-20.83,no,superseded_architecture,Superseded smoke artifact: it predates the released BatchNormalization(axis=1) correction and is not the corrected result.,eegmmidb_fold0_wang_eegnet82_4class_wang_repo_subject_cv_subject004_cv1,2026-09-26T06:12:27.221780+00:00,wang_repo_subject_cv,,
eegmmidb,wang_eegnet82,4,sstl,subject004_cv2,15.0,14.545454545454543,,,,,70.83,-55.83,no,superseded_architecture,Superseded smoke artifact: it predates the released BatchNormalization(axis=1) correction and is not the corrected result.,eegmmidb_fold0_wang_eegnet82_4class_wang_repo_subject_cv_subject004_cv2,2026-09-26T06:12:31.125557+00:00,wang_repo_subject_cv,,
eegmmidb,wang_eegnet82,4,sstl,subject004_cv3,50.0,44.31818181818182,,,,,70.83,-20.83,no,superseded_architecture,Superseded smoke artifact: it predates the released BatchNormalization(axis=1) correction and is not the corrected result.,eegmmidb_fold0_wang_eegnet82_4class_wang_repo_subject_cv_subject004_cv3,2026-09-26T06:12:35.072855+00:00,wang_repo_subject_cv,,
eegmmidb,wang_eegnet82,4,global,0,34.523809523809526,33.22063725970828,,,,,,,not_assessed,measured,Five-subject local CPU smoke result using raw Wang-repository window construction; not a benchmark estimate.,wangcompat-real-bnaxis-fold0-20260926-fold0,2026-09-26T06:26:59.570333+00:00,wang_repo_subject_cv,,
eegmmidb,wang_eegnet82,4,global,0,34.523809523809526,33.22063725970828,,,,,,,not_assessed,measured,Five-subject local CPU smoke result using raw Wang-repository window construction; not a benchmark estimate.,wangcompat-real-bnaxis-fold0-repeat2-20260926-fold0,2026-09-26T06:34:35.837601+00:00,wang_repo_subject_cv,,
eegmmidb,wang_eegnet82,4,sstl,subject004_cv0,58.333333333333336,55.88023088023088,,,,,70.83,-12.496666666666664,no,measured_ss_tl,"Four-fold stratified per-subject fine-tuning, 5 epochs, Adam LR=1e-3 and batch size 16, following the authors' released SS-TL script; cohort and preprocessing still differ, so this is not an exact reproduction.",eegmmidb_fold0_wang_eegnet82_4class_wang_repo_subject_cv_init-wangcompat-real-bnaxis-fold0-20260926-fold0_subject004_cv0,2026-09-26T06:35:00.759138+00:00,wang_repo_subject_cv,,
eegmmidb,wang_eegnet82,4,sstl,subject004_cv1,50.0,50.64935064935065,,,,,70.83,-20.83,no,measured_ss_tl,"Four-fold stratified per-subject fine-tuning, 5 epochs, Adam LR=1e-3 and batch size 16, following the authors' released SS-TL script; cohort and preprocessing still differ, so this is not an exact reproduction.",eegmmidb_fold0_wang_eegnet82_4class_wang_repo_subject_cv_init-wangcompat-real-bnaxis-fold0-20260926-fold0_subject004_cv1,2026-09-26T06:35:05.379785+00:00,wang_repo_subject_cv,,
eegmmidb,wang_eegnet82,4,sstl,subject004_cv2,40.0,34.523809523809526,,,,,70.83,-30.83,no,measured_ss_tl,"Four-fold stratified per-subject fine-tuning, 5 epochs, Adam LR=1e-3 and batch size 16, following the authors' released SS-TL script; cohort and preprocessing still differ, so this is not an exact reproduction.",eegmmidb_fold0_wang_eegnet82_4class_wang_repo_subject_cv_init-wangcompat-real-bnaxis-fold0-20260926-fold0_subject004_cv2,2026-09-26T06:35:10.193140+00:00,wang_repo_subject_cv,,
eegmmidb,wang_eegnet82,4,sstl,subject004_cv3,60.0,51.74825174825175,,,,,70.83,-10.829999999999998,no,measured_ss_tl,"Four-fold stratified per-subject fine-tuning, 5 epochs, Adam LR=1e-3 and batch size 16, following the authors' released SS-TL script; cohort and preprocessing still differ, so this is not an exact reproduction.",eegmmidb_fold0_wang_eegnet82_4class_wang_repo_subject_cv_init-wangcompat-real-bnaxis-fold0-20260926-fold0_subject004_cv3,2026-09-26T06:35:15.587532+00:00,wang_repo_subject_cv,,
EEGMMIDB,"Wang EEGNet-8,2",4,global,0,60.71428571428572,60.76,,,,,65.07,-4.355714285714278,not_assessed_per_fold,fold_metric,"Accuracy recovered exactly from displayed two-decimal percentage and 1,764 windows; macro-F1 is displayed two-decimal value. Full precision in Kaggle output CSV.",canonical_full_cohort_20260926,,"Wang-compatible extraction; subject-disjoint 5-fold CV, 100 epochs",canonical_full_cohort,Kaggle 353070628
EEGMMIDB,"Wang EEGNet-8,2",4,global,1,69.5578231292517,69.51,,,,,65.07,4.487823129251709,not_assessed_per_fold,fold_metric,"Accuracy recovered exactly from displayed two-decimal percentage and 1,764 windows; macro-F1 is displayed two-decimal value. Full precision in Kaggle output CSV.",canonical_full_cohort_20260926,,"Wang-compatible extraction; subject-disjoint 5-fold CV, 100 epochs",canonical_full_cohort,Kaggle 353070628
EEGMMIDB,"Wang EEGNet-8,2",4,global,2,65.36281179138322,65.43,,,,,65.07,0.2928117913832295,not_assessed_per_fold,fold_metric,"Accuracy recovered exactly from displayed two-decimal percentage and 1,764 windows; macro-F1 is displayed two-decimal value. Full precision in Kaggle output CSV.",canonical_full_cohort_20260926,,"Wang-compatible extraction; subject-disjoint 5-fold CV, 100 epochs",canonical_full_cohort,Kaggle 353070628
EEGMMIDB,"Wang EEGNet-8,2",4,global,3,63.321995464852606,63.44,,,,,65.07,-1.7480045351473876,not_assessed_per_fold,fold_metric,"Accuracy recovered exactly from displayed two-decimal percentage and 1,764 windows; macro-F1 is displayed two-decimal value. Full precision in Kaggle output CSV.",canonical_full_cohort_20260926,,"Wang-compatible extraction; subject-disjoint 5-fold CV, 100 epochs",canonical_full_cohort,Kaggle 353070628
EEGMMIDB,"Wang EEGNet-8,2",4,global,4,66.55328798185941,66.49,,,,,65.07,1.4832879818594191,not_assessed_per_fold,fold_metric,"Accuracy recovered exactly from displayed two-decimal percentage and 1,764 windows; macro-F1 is displayed two-decimal value. Full precision in Kaggle output CSV.",canonical_full_cohort_20260926,,"Wang-compatible extraction; subject-disjoint 5-fold CV, 100 epochs",canonical_full_cohort,Kaggle 353070628
EEGMMIDB,"Wang EEGNet-8,2",4,global,mean_sample_sd,65.10204081632654,65.13,,,,,65.07,0.0320408163265426,yes,verified_within_band,Kaggle reports 65.10 ? 3.33% accuracy and 65.13 ? 3.28% macro-F1; macro-F1 here is reported rounded value.,canonical_full_cohort_20260926,,"Wang-compatible extraction; subject-disjoint 5-fold CV, 100 epochs",canonical_full_cohort,Kaggle 353070628
