multiplier_id,published_ER_pct,published_MRED_pct,published_MAE_pct,published_power,source_commit
mul8_424,99.08,9.78,0.99,0.122,ad6bb819bed0c641e26c882f06796efcfe406960
mul8_437,98.98,10.08,0.95,0.125,ad6bb819bed0c641e26c882f06796efcfe406960
mul8_358,99.10,9.19,0.94,0.134,ad6bb819bed0c641e26c882f06796efcfe406960
mul8_020,98.97,8.25,0.88,0.144,ad6bb819bed0c641e26c882f06796efcfe406960
mul8_258,97.73,5.51,0.36,0.183,ad6bb819bed0c641e26c882f06796efcfe406960
mul8_112,97.78,4.90,0.27,0.202,ad6bb819bed0c641e26c882f06796efcfe406960
mul8_269,97.94,5.29,0.33,0.217,ad6bb819bed0c641e26c882f06796efcfe406960
mul8_287,98.45,4.94,0.26,0.230,ad6bb819bed0c641e26c882f06796efcfe406960
mul8_169,95.82,2.90,0.16,0.251,ad6bb819bed0c641e26c882f06796efcfe406960
mul8_458,95.17,2.55,0.13,0.263,ad6bb819bed0c641e26c882f06796efcfe406960
mul8_468,94.29,1.97,0.11,0.282,ad6bb819bed0c641e26c882f06796efcfe406960
mul8_143,95.65,2.32,0.12,0.313,ad6bb819bed0c641e26c882f06796efcfe406960
mul8_042,90.73,0.63,0.023,0.356,ad6bb819bed0c641e26c882f06796efcfe406960
mul8_098,56.84,0.22,0.007,0.390,ad6bb819bed0c641e26c882f06796efcfe406960
mul8_452,88.33,5.15,0.57,0.406,ad6bb819bed0c641e26c882f06796efcfe406960
mul8_007,62.54,1.22,0.11,0.468,ad6bb819bed0c641e26c882f06796efcfe406960
mul8_006,0.026,0.014,0.00046,0.508,ad6bb819bed0c641e26c882f06796efcfe406960
mul8_012,0.00,0.00,0.00,0.482,ad6bb819bed0c641e26c882f06796efcfe406960
mul8_348,0.39,0.0082,0.00031,0.423,ad6bb819bed0c641e26c882f06796efcfe406960
mul8_463,28.91,0.24,0.018,0.440,ad6bb819bed0c641e26c882f06796efcfe406960
mul8_305,90.58,0.84,0.036,0.339,ad6bb819bed0c641e26c882f06796efcfe406960
mul8_403,94.79,2.54,0.16,0.271,ad6bb819bed0c641e26c882f06796efcfe406960
mul8_359,97.28,2.98,0.15,0.319,ad6bb819bed0c641e26c882f06796efcfe406960
mul8_255,96.69,3.38,0.20,0.253,ad6bb819bed0c641e26c882f06796efcfe406960
mul8_426,97.27,4.02,0.27,0.244,ad6bb819bed0c641e26c882f06796efcfe406960
mul8_054,97.83,4.49,0.23,0.217,ad6bb819bed0c641e26c882f06796efcfe406960
mul8_312,85.11,5.04,0.58,0.399,ad6bb819bed0c641e26c882f06796efcfe406960
mul8_482,97.80,5.46,0.35,0.202,ad6bb819bed0c641e26c882f06796efcfe406960
mul8_227,98.11,6.51,0.47,0.171,ad6bb819bed0c641e26c882f06796efcfe406960
mul8_461,98.98,8.20,0.63,0.140,ad6bb819bed0c641e26c882f06796efcfe406960
mul8_241,99.09,8.61,0.73,0.134,ad6bb819bed0c641e26c882f06796efcfe406960
mul8_008,99.08,9.86,0.98,0.127,ad6bb819bed0c641e26c882f06796efcfe406960
mul8_365,61.35,0.28,0.01,0.379,ad6bb819bed0c641e26c882f06796efcfe406960
mul8_183,97.16,2.57,0.14,0.267,ad6bb819bed0c641e26c882f06796efcfe406960
mul8_417,97.24,3.13,0.20,0.261,ad6bb819bed0c641e26c882f06796efcfe406960
mul8_173,97.11,3.89,0.24,0.241,ad6bb819bed0c641e26c882f06796efcfe406960
mul8_356,98.45,4.94,0.26,0.234,ad6bb819bed0c641e26c882f06796efcfe406960
mul8_449,97.39,4.20,0.29,0.338,ad6bb819bed0c641e26c882f06796efcfe406960
mul8_175,98.29,5.68,0.40,0.189,ad6bb819bed0c641e26c882f06796efcfe406960
mul8_222,98.67,7.16,0.52,0.191,ad6bb819bed0c641e26c882f06796efcfe406960
mul8_251,98.93,8.38,0.89,0.139,ad6bb819bed0c641e26c882f06796efcfe406960
mul8_023,98.98,10.08,0.95,0.125,ad6bb819bed0c641e26c882f06796efcfe406960
mul8_151,99.06,9.90,0.94,0.123,ad6bb819bed0c641e26c882f06796efcfe406960
mul8_061,98.98,10.02,0.94,0.124,ad6bb819bed0c641e26c882f06796efcfe406960
mul8_003,98.98,10.08,0.95,0.125,ad6bb819bed0c641e26c882f06796efcfe406960
mul8_017,98.99,10.04,0.94,0.125,ad6bb819bed0c641e26c882f06796efcfe406960
mul8_075,98.98,10.08,0.95,0.125,ad6bb819bed0c641e26c882f06796efcfe406960
mul8_096,98.98,10.08,0.95,0.125,ad6bb819bed0c641e26c882f06796efcfe406960
mul8_115,98.98,10.08,0.95,0.125,ad6bb819bed0c641e26c882f06796efcfe406960
mul8_167,98.98,10.08,0.95,0.125,ad6bb819bed0c641e26c882f06796efcfe406960
